{
  "$schema": "https://schema.management.azure.com/providers/Microsoft.Logic/schemas/2016-06-01/workflowdefinition.json#",
  "contentVersion": "1.0.0.0",
  "parameters": {},
  "triggers": {
    "Recurrence": {
      "type": "Recurrence",
      "recurrence": {
        "frequency": "Hour",
        "interval": 1,
        "timeZone": "Eastern Standard Time"
      }
    }
  },
  "actions": {
    "List_files_in_folder": {
      "type": "OpenApiConnection",
      "inputs": {
        "host": {
          "connection": {
            "name": "@parameters('$connections')['onedriveforbusiness']['connectionId']"
          }
        },
        "method": "get",
        "path": "/drive/root:/Automation:/children"
      },
      "runAfter": {}
    },
    "Get_MeetingData_CSV": {
      "type": "OpenApiConnection",
      "inputs": {
        "host": {
          "connection": {
            "name": "@parameters('$connections')['onedriveforbusiness']['connectionId']"
          }
        },
        "method": "get",
        "path": "/drive/root:/Automation/MeetingData.csv:/content"
      },
      "runAfter": {
        "List_files_in_folder": [
          "Succeeded"
        ]
      }
    },
    "Parse_CSV": {
      "type": "Compose",
      "inputs": "@outputs('Get_MeetingData_CSV')",
      "runAfter": {
        "Get_MeetingData_CSV": [
          "Succeeded"
        ]
      }
    },
    "Apply_to_each_row": {
      "type": "Foreach",
      "foreach": "@split(outputs('Get_MeetingData_CSV'),'\n')",
      "actions": {
        "Parse_row": {
          "type": "Compose",
          "inputs": "@split(item(),',')"
        },
        "Get_Template": {
          "type": "OpenApiConnection",
          "inputs": {
            "host": {
              "connection": {
                "name": "@parameters('$connections')['onedriveforbusiness']['connectionId']"
              }
            },
            "method": "get",
            "path": "/drive/root:/Automation/Templates/@{trim(body('Parse_row')[2])}.txt:/content"
          },
          "runAfter": {
            "Parse_row": [
              "Succeeded"
            ]
          }
        },
        "Create_Event": {
          "type": "OpenApiConnection",
          "inputs": {
            "host": {
              "connection": {
                "name": "@parameters('$connections')['office365']['connectionId']"
              }
            },
            "method": "post",
            "path": "/v2/Users/@{encodeURIComponent('<organizer_email>')}/calendar/events",
            "body": {
              "Subject": "@{trim(body('Parse_row')[3])}",
              "Body": {
                "ContentType": "HTML",
                "Content": "@{outputs('Get_Template')}"
              },
              "Start": {
                "DateTime": "@{trim(body('Parse_row')[4])}",
                "TimeZone": "Eastern Standard Time"
              },
              "End": {
                "DateTime": "@{addMinutes(trim(body('Parse_row')[4]), int(trim(body('Parse_row')[5])))}",
                "TimeZone": "Eastern Standard Time"
              },
              "Attendees": [
                {
                  "EmailAddress": {
                    "Address": "@{trim(body('Parse_row')[0])}",
                    "Name": "Client"
                  },
                  "Type": "Required"
                },
                {
                  "EmailAddress": {
                    "Address": "@{trim(body('Parse_row')[1])}",
                    "Name": "User"
                  },
                  "Type": "Required"
                }
              ]
            }
          },
          "runAfter": {
            "Get_Template": [
              "Succeeded"
            ]
          }
        },
        "Send_Invitation_Email": {
          "type": "OpenApiConnection",
          "inputs": {
            "host": {
              "connection": {
                "name": "@parameters('$connections')['office365']['connectionId']"
              }
            },
            "method": "sendMail",
            "path": "/v2/Mail",
            "body": {
              "To": "@{concat(trim(body('Parse_row')[0]),';',trim(body('Parse_row')[1]))}",
              "Subject": "Meeting Invitation: @{trim(body('Parse_row')[3])}",
              "Body": "@{outputs('Get_Template')}",
              "IsHtml": true
            }
          },
          "runAfter": {
            "Create_Event": [
              "Succeeded"
            ]
          }
        }
      },
      "runAfter": {
        "Parse_CSV": [
          "Succeeded"
        ]
      }
    }
  },
  "outputs": {}
}
